Modèle,R²,R² CV (moyenne),R² CV (std),MAE,RMSE
Lasso,0.9179972521079874,0.9174131737740925,0.005013323498277783,80879.05074052254,100444.01068770245
Ridge,0.9179972203628644,0.9174132219499216,0.005012937933777553,80877.76303977019,100444.03012977762
Régression Linéaire,0.9179971706834331,0.9174131909728761,0.005013337287053035,80879.09723489442,100444.0605555848
Gradient Boosting,0.9026001846352293,0.9006084903027451,0.005604296223412874,87417.53256401606,109468.43505750559
Random Forest,0.8824283194875219,0.8813968000543249,0.005328505612544519,94672.46651147716,120271.07856297775
Arbre de Décision,0.7434171947042635,0.743230863377343,0.009620202820679264,140823.9622961814,177673.89260083486
SVR,-0.0010365122532220994,5.158027623946016e-05,0.0008217633313106524,279130.8695211072,350941.5597254943
